email,first_name,last_name,gender,birthdate,zip_code
emma.smith@test.com,Emma,Smith,female,2008-03-15,90210
liam.smith@test.com,Liam,Smith,male,2006-07-22,90210
sophia.smith@test.com,Sophia,Smith,female,2009-11-08,90210
noah.johnson@test.com,Noah,Johnson,male,2007-01-14,10001
ava.johnson@test.com,Ava,Johnson,female,2005-09-30,10001
oliver.johnson@test.com,Oliver,Johnson,male,2008-12-03,10001
isabella.williams@test.com,Isabella,Williams,female,2006-04-18,60601
william.williams@test.com,William,Williams,male,2004-08-25,60601
charlotte.williams@test.com,Charlotte,Williams,female,2007-06-12,60601
james.brown@test.com,James,Brown,male,2005-02-28,33101
amelia.brown@test.com,Amelia,Brown,female,2008-10-17,33101
benjamin.brown@test.com,Benjamin,Brown,male,2006-05-09,33101
lucas.jones@test.com,Lucas,Jones,male,2007-03-24,75201
mia.jones@test.com,Mia,Jones,female,2004-11-11,75201
henry.jones@test.com,Henry,Jones,male,2009-08-06,75201
alexander.garcia@test.com,Alexander,Garcia,male,2006-12-19,85001
sophia.garcia@test.com,Sophia,Garcia,female,2005-07-04,85001
mason.garcia@test.com,Mason,Garcia,male,2008-01-27,85001
olivia.miller@test.com,Olivia,Miller,female,2007-09-13,98101
ethan.miller@test.com,Ethan,Miller,male,2004-04-20,98101
ava.miller@test.com,Ava,Miller,female,2006-10-07,98101
michael.davis@test.com,Michael,Davis,male,2005-06-15,02101
isabella.davis@test.com,Isabella,Davis,female,2008-02-02,02101
daniel.davis@test.com,Daniel,Davis,male,2007-11-28,02101
matthew.rodriguez@test.com,Matthew,Rodriguez,male,2006-08-14,30309
charlotte.rodriguez@test.com,Charlotte,Rodriguez,female,2004-12-31,30309
jackson.rodriguez@test.com,Jackson,Rodriguez,male,2009-05-18,30309
sebastian.martinez@test.com,Sebastian,Martinez,male,2007-01-25,80202
amelia.martinez@test.com,Amelia,Martinez,female,2005-09-12,80202
aiden.martinez@test.com,Aiden,Martinez,male,2008-06-29,80202
logan.hernandez@test.com,Logan,Hernandez,male,2006-03-16,97201
harper.hernandez@test.com,Harper,Hernandez,female,2004-10-03,97201
carter.hernandez@test.com,Carter,Hernandez,male,2007-07-20,97201
owen.lopez@test.com,Owen,Lopez,male,2005-04-07,55401
ella.lopez@test.com,Ella,Lopez,female,2008-12-24,55401
wyatt.lopez@test.com,Wyatt,Lopez,male,2006-09-11,55401
luke.gonzalez@test.com,Luke,Gonzalez,male,2007-05-28,15213
abigail.gonzalez@test.com,Abigail,Gonzalez,female,2004-02-14,15213
jayden.gonzalez@test.com,Jayden,Gonzalez,male,2009-11-01,15213
lincoln.wilson@test.com,Lincoln,Wilson,male,2006-07-18,21201
grace.anderson@test.com,Grace,Anderson,female,2007-04-05,77001
ryan.anderson@test.com,Ryan,Anderson,male,2005-11-22,77001
natalie.anderson@test.com,Natalie,Anderson,female,2008-08-09,77001
samuel.thomas@test.com,Samuel,Thomas,male,2006-03-27,19101
zoey.thomas@test.com,Zoey,Thomas,female,2004-10-14,19101
brandon.thomas@test.com,Brandon,Thomas,male,2009-06-01,19101
layla.jackson@test.com,Layla,Jackson,female,2007-01-19,32801
nathan.jackson@test.com,Nathan,Jackson,male,2005-09-05,32801
hannah.jackson@test.com,Hannah,Jackson,female,2008-04-22,32801
david.white@test.com,David,White,male,2006-11-08,02102
addison.white@test.com,Addison,White,female,2004-07-25,02102
christopher.white@test.com,Christopher,White,male,2009-02-11,02102
samantha.harris@test.com,Samantha,Harris,female,2007-09-28,33102
andrew.harris@test.com,Andrew,Harris,male,2005-05-15,33102
victoria.harris@test.com,Victoria,Harris,female,2008-12-02,33102
joseph.martin@test.com,Joseph,Martin,male,2006-08-19,10002
gabriella.martin@test.com,Gabriella,Martin,female,2004-03-06,10002
nicholas.martin@test.com,Nicholas,Martin,male,2009-10-23,10002
riley.thompson@test.com,Riley,Thompson,female,2007-06-09,60602
tyler.thompson@test.com,Tyler,Thompson,male,2005-01-26,60602
savannah.thompson@test.com,Savannah,Thompson,female,2008-09-12,60602
anthony.moore@test.com,Anthony,Moore,male,2006-04-29,75202
aria.moore@test.com,Aria,Moore,female,2004-12-16,75202
jason.moore@test.com,Jason,Moore,male,2009-07-03,75202
lillian.young@test.com,Lillian,Young,female,2007-02-20,85002
johnathan.young@test.com,Johnathan,Young,male,2005-10-07,85002
scarlett.young@test.com,Scarlett,Young,female,2008-05-24,85002
kevin.king@test.com,Kevin,King,male,2006-01-10,98102
audrey.king@test.com,Audrey,King,female,2004-08-27,98102
caleb.king@test.com,Caleb,King,male,2009-03-14,98102
madelyn.scott@test.com,Madelyn,Scott,female,2007-11-01,21202
hunter.scott@test.com,Hunter,Scott,male,2005-06-18,21202
claire.scott@test.com,Claire,Scott,female,2008-01-05,21202
adrian.turner@test.com,Adrian,Turner,male,2006-09-21,55402
brooklyn.turner@test.com,Brooklyn,Turner,female,2004-04-08,55402
sean.turner@test.com,Sean,Turner,male,2009-10-25,55402
leah.phillips@test.com,Leah,Phillips,female,2007-07-12,97202
austin.phillips@test.com,Austin,Phillips,male,2005-02-28,97202
stella.phillips@test.com,Stella,Phillips,female,2008-11-15,97202
connor.campbell@test.com,Connor,Campbell,male,2006-06-02,15214
aubrey.campbell@test.com,Aubrey,Campbell,female,2004-01-19,15214
landon.campbell@test.com,Landon,Campbell,male,2009-08-05,15214
penelope.parker@test.com,Penelope,Parker,female,2007-04-22,80203
mason.parker@test.com,Mason,Parker,male,2005-12-09,80203
phoenix.parker@test.com,Phoenix,Parker,male,2008-07-26,80203
naomi.evans@test.com,Naomi,Evans,female,2006-03-13,30310
blake.evans@test.com,Blake,Evans,male,2004-10-30,30310
violet.evans@test.com,Violet,Evans,female,2009-05-17,30310
justin.edwards@test.com,Justin,Edwards,male,2007-01-03,77002
aria.edwards@test.com,Aria,Edwards,female,2005-09-20,77002
avery.edwards@test.com,Avery,Edwards,female,2008-04-07,77002
kaylee.collins@test.com,Kaylee,Collins,female,2006-11-23,32802
julian.collins@test.com,Julian,Collins,male,2004-07-10,32802
quincy.collins@test.com,Quincy,Collins,male,2009-02-26,32802
skylar.stewart@test.com,Skylar,Stewart,female,2007-10-13,19102
chase.stewart@test.com,Chase,Stewart,male,2005-05-30,19102
jade.stewart@test.com,Jade,Stewart,female,2008-01-16,19102
aaron.sanchez@test.com,Aaron,Sanchez,male,2006-08-03,10003
winter.sanchez@test.com,Winter,Sanchez,female,2004-03-20,10003
brody.sanchez@test.com,Brody,Sanchez,male,2009-10-07,10003
brooklyn.morris@test.com,Brooklyn,Morris,female,2007-06-24,60603
jeremiah.morris@test.com,Jeremiah,Morris,male,2005-01-11,60603
zara.morris@test.com,Zara,Morris,female,2008-09-28,60603
sebastian.rogers@test.com,Sebastian,Rogers,male,2006-04-14,75203
lynnea.rogers@test.com,Lynnea,Rogers,female,2004-12-01,75203
adrien.rogers@test.com,Adrien,Rogers,male,2009-07-18,75203
trinity.reed@test.com,Trinity,Reed,female,2007-03-05,85003
piper.reed@test.com,Piper,Reed,female,2005-11-22,85003
dean.reed@test.com,Dean,Reed,male,2008-06-09,85003
xavier.cook@test.com,Xavier,Cook,male,2006-02-26,98103
nova.cook@test.com,Nova,Cook,female,2004-10-13,98103
jaxon.cook@test.com,Jaxon,Cook,male,2009-05-30,98103
liberty.morgan@test.com,Liberty,Morgan,female,2007-01-16,21203
alex.morgan@test.com,Alex,Morgan,male,2005-09-02,21203
aspen.morgan@test.com,Aspen,Morgan,female,2008-04-20,21203
river.bell@test.com,River,Bell,male,2006-11-06,55403
atticus.bell@test.com,Atticus,Bell,male,2004-07-24,55403
dakota.bell@test.com,Dakota,Bell,female,2009-02-10,55403
skylar.murphy@test.com,Skylar,Murphy,female,2007-10-27,97203
jordan.murphy@test.com,Jordan,Murphy,male,2005-05-14,97203
sawyer.murphy@test.com,Sawyer,Murphy,male,2008-01-31,97203
eloise.bailey@test.com,Eloise,Bailey,female,2006-09-17,15215
havana.bailey@test.com,Havana,Bailey,female,2004-04-04,15215
ryker.bailey@test.com,Ryker,Bailey,male,2009-11-21,15215
serenity.rivera@test.com,Serenity,Rivera,female,2007-08-08,80204
ayden.rivera@test.com,Ayden,Rivera,male,2005-02-24,80204
bellamy.rivera@test.com,Bellamy,Rivera,male,2008-10-11,80204
azalea.cooper@test.com,Azalea,Cooper,female,2006-06-28,30311
elijah.cooper@test.com,Elijah,Cooper,male,2004-01-14,30311
eloise.cooper@test.com,Eloise,Cooper,female,2009-08-01,30311
brooks.richardson@test.com,Brooks,Richardson,male,2007-05-18,77003
emery.richardson@test.com,Emery,Richardson,female,2005-12-05,77003
riley.richardson@test.com,Riley,Richardson,female,2008-07-22,77003
owen.cox@test.com,Owen,Cox,male,2006-03-10,32803
opal.cox@test.com,Opal,Cox,female,2004-11-26,32803
walker.cox@test.com,Walker,Cox,male,2009-06-13,32803
indigo.ward@test.com,Indigo,Ward,female,2007-02-01,19103
finley.ward@test.com,Finley,Ward,male,2005-10-18,19103
iris.ward@test.com,Iris,Ward,female,2008-05-06,19103
carter.torres@test.com,Carter,Torres,male,2006-01-22,02103
rowan.torres@test.com,Rowan,Torres,female,2004-09-08,02103
soren.torres@test.com,Soren,Torres,male,2009-04-25,02103
maya.peterson@test.com,Maya,Peterson,female,2007-12-12,33103
kai.peterson@test.com,Kai,Peterson,male,2005-07-29,33103
remi.peterson@test.com,Remi,Peterson,female,2008-02-14,33103
parker.gray@test.com,Parker,Gray,male,2006-10-02,10004
lucy.gray@test.com,Lucy,Gray,female,2004-05-19,10004
taylor.gray@test.com,Taylor,Gray,male,2009-01-06,10004
willow.ramirez@test.com,Willow,Ramirez,female,2007-09-23,60604
drew.ramirez@test.com,Drew,Ramirez,male,2005-04-09,60604
quinn.ramirez@test.com,Quinn,Ramirez,female,2008-12-26,60604
payton.james@test.com,Payton,James,female,2006-08-13,75204
sloane.james@test.com,Sloane,James,female,2004-03-01,75204
hayden.james@test.com,Hayden,James,male,2009-10-18,75204
nash.watson@test.com,Nash,Watson,male,2007-06-05,85004
presley.watson@test.com,Presley,Watson,female,2005-01-22,85004
reese.watson@test.com,Reese,Watson,female,2008-09-08,85004
arrow.brooks@test.com,Arrow,Brooks,male,2006-04-25,98104
briar.brooks@test.com,Briar,Brooks,female,2004-12-12,98104
keegan.brooks@test.com,Keegan,Brooks,male,2009-07-29,98104
sienna.kelly@test.com,Sienna,Kelly,female,2007-03-17,21204
skyler.kelly@test.com,Skyler,Kelly,male,2005-11-03,21204
finn.kelly@test.com,Finn,Kelly,male,2008-06-20,21204
reed.sanders@test.com,Reed,Sanders,male,2006-02-06,55404
sage.sanders@test.com,Sage,Sanders,female,2004-10-24,55404
tanner.sanders@test.com,Tanner,Sanders,male,2009-05-11,55404
cora.price@test.com,Cora,Price,female,2007-01-28,97204
jesse.price@test.com,Jesse,Price,male,2005-09-14,97204
emery.price@test.com,Emery,Price,female,2008-04-01,97204
blake.bennett@test.com,Blake,Bennett,male,2006-11-18,15216
cameron.bennett@test.com,Cameron,Bennett,male,2004-07-05,15216
quinn.bennett@test.com,Quinn,Bennett,female,2009-02-21,15216
carson.wood@test.com,Carson,Wood,male,2007-10-08,80205
dakota.wood@test.com,Dakota,Wood,female,2005-05-25,80205
ryan.wood@test.com,Ryan,Wood,male,2008-01-11,80205
marley.barnes@test.com,Marley,Barnes,female,2006-09-27,30312
maverick.barnes@test.com,Maverick,Barnes,male,2004-04-14,30312
reagan.barnes@test.com,Reagan,Barnes,female,2009-12-01,30312
brynn.ross@test.com,Brynn,Ross,female,2007-08-19,77004
ryland.ross@test.com,Ryland,Ross,male,2005-03-06,77004
jamie.ross@test.com,Jamie,Ross,male,2008-11-23,77004
kaia.henderson@test.com,Kaia,Henderson,female,2006-07-09,32804
colt.henderson@test.com,Colt,Henderson,male,2004-02-25,32804
indigo.henderson@test.com,Indigo,Henderson,female,2009-09-12,32804
lennox.coleman@test.com,Lennox,Coleman,male,2007-06-28,19104
marlowe.coleman@test.com,Marlowe,Coleman,female,2005-01-14,19104
raven.coleman@test.com,Raven,Coleman,female,2008-10-01,19104
ronin.jenkins@test.com,Ronin,Jenkins,male,2006-05-18,02104
amber.jenkins@test.com,Amber,Jenkins,female,2004-12-05,02104
tatum.jenkins@test.com,Tatum,Jenkins,female,2009-08-22,02104
tucker.perry@test.com,Tucker,Perry,male,2007-04-08,33104
phoenix.perry@test.com,Phoenix,Perry,male,2005-11-25,33104
blake.perry@test.com,Blake,Perry,male,2008-06-12,33104
